Indexes,Urls
0,https://www.urdupoint.com/kids/detail/moral-stories/purisrar-boorha-2919.html
1,https://www.urdupoint.com/kids/detail/moral-stories/naya-azm-2918.html
2,https://www.urdupoint.com/kids/detail/moral-stories/ghar-mein-mujrim-2917.html
3,https://www.urdupoint.com/kids/detail/moral-stories/jannat-ka-rasta-2916.html
4,https://www.urdupoint.com/kids/detail/moral-stories/bhooton-ka-naam-2915.html
5,https://www.urdupoint.com/kids/detail/moral-stories/imandari-ka-inaam-2914.html
6,https://www.urdupoint.com/kids/detail/moral-stories/reham-ka-sila-2913.html
7,https://www.urdupoint.com/kids/detail/moral-stories/hiran-ki-laparwahi-2911.html
8,https://www.urdupoint.com/kids/detail/moral-stories/himmat-2910.html
9,https://www.urdupoint.com/kids/detail/moral-stories/karo-meharbani-tum-ahle-zameen-par-2909.html
10,https://www.urdupoint.com/kids/detail/moral-stories/panda-aur-smart-phone-2908.html
11,https://www.urdupoint.com/kids/detail/moral-stories/qalam-ki-khwahish-2907.html
12,https://www.urdupoint.com/kids/detail/moral-stories/anmol-dosti-2906.html
13,https://www.urdupoint.com/kids/detail/moral-stories/nani-ka-saman-2905.html
14,https://www.urdupoint.com/kids/detail/moral-stories/khali-pinjra-2904.html
15,https://www.urdupoint.com/kids/detail/moral-stories/taqatwar-bewaqoof-2903.html
16,https://www.urdupoint.com/kids/detail/moral-stories/lakarhare-ka-beta-2902.html
17,https://www.urdupoint.com/kids/detail/moral-stories/azhdahe-ka-wada-2900.html
18,https://www.urdupoint.com/kids/detail/moral-stories/yeh-bakra-kis-ka-hai-2899.html
19,https://www.urdupoint.com/kids/detail/moral-stories/naiki-ka-sila-2898.html
20,https://www.urdupoint.com/kids/detail/moral-stories/lagan-2897.html
21,https://www.urdupoint.com/kids/detail/moral-stories/pari-ki-mamta-2896.html
22,https://www.urdupoint.com/kids/detail/moral-stories/ilm-ki-inteha-jahalat-hai-2895.html
23,https://www.urdupoint.com/kids/detail/moral-stories/super-hero-2894.html
24,https://www.urdupoint.com/kids/detail/moral-stories/taimoor-ki-zindagi-2893.html
25,https://www.urdupoint.com/kids/detail/moral-stories/kawwa-2892.html
26,https://www.urdupoint.com/kids/detail/moral-stories/choti-si-khabar-2891.html
27,https://www.urdupoint.com/kids/detail/moral-stories/inaam-2890.html
28,https://www.urdupoint.com/kids/detail/moral-stories/naiki-2889.html
29,https://www.urdupoint.com/kids/detail/moral-stories/dost-woh-jo-musibat-mein-kaam-aaye-2888.html
30,https://www.urdupoint.com/kids/detail/moral-stories/pakki-dosti-2887.html
31,https://www.urdupoint.com/kids/detail/moral-stories/choti-si-naiki-2886.html
32,https://www.urdupoint.com/kids/detail/moral-stories/diyanat-ka-sila-2885.html
33,https://www.urdupoint.com/kids/detail/moral-stories/parindon-ka-pakistan-2884.html
34,https://www.urdupoint.com/kids/detail/moral-stories/bargad-ka-darakht-2883.html
35,https://www.urdupoint.com/kids/detail/moral-stories/ilm-khazana-2882.html
36,https://www.urdupoint.com/kids/detail/moral-stories/lalach-ka-anjam-2881.html
37,https://www.urdupoint.com/kids/detail/moral-stories/karwe-patte-2880.html
38,https://www.urdupoint.com/kids/detail/moral-stories/asli-mohsin-2879.html
39,https://www.urdupoint.com/kids/detail/moral-stories/doosra-rasta-2878.html
40,https://www.urdupoint.com/kids/detail/moral-stories/aansuon-ki-taqat-2877.html
41,https://www.urdupoint.com/kids/detail/moral-stories/ahmad-ki-kahani-2876.html
42,https://www.urdupoint.com/kids/detail/moral-stories/jungle-mein-hungama-2875.html
43,https://www.urdupoint.com/kids/detail/moral-stories/jadui-murghi-2874.html
44,https://www.urdupoint.com/kids/detail/moral-stories/umar-ka-sabaq-2873.html
45,https://www.urdupoint.com/kids/detail/moral-stories/purisrar-wadi-2872.html
46,https://www.urdupoint.com/kids/detail/moral-stories/bahadur-hiran-ka-bacha-2871.html
47,https://www.urdupoint.com/kids/detail/moral-stories/guddu-aur-aam-2870.html
48,https://www.urdupoint.com/kids/detail/moral-stories/wafadar-tota-2869.html
49,https://www.urdupoint.com/kids/detail/moral-stories/khazana-aur-khasara-2868.html
50,https://www.urdupoint.com/kids/detail/moral-stories/hunar-aik-asasa-2867.html
51,https://www.urdupoint.com/kids/detail/moral-stories/ehsaas-ki-tasveer-2866.html
52,https://www.urdupoint.com/kids/detail/moral-stories/farmanbardar-2865.html
53,https://www.urdupoint.com/kids/detail/moral-stories/aaj-ki-achi-baat-2863.html
54,https://www.urdupoint.com/kids/detail/moral-stories/nafa-aur-nuqsan-2862.html
55,https://www.urdupoint.com/kids/detail/moral-stories/behan-bhai-2861.html
56,https://www.urdupoint.com/kids/detail/moral-stories/zameer-ka-faisla-2860.html
57,https://www.urdupoint.com/kids/detail/moral-stories/ali-ka-khwab-2859.html
58,https://www.urdupoint.com/kids/detail/moral-stories/kawoon-ka-ehtejaj-2858.html
59,https://www.urdupoint.com/kids/detail/moral-stories/burhiya-aur-lomri-2857.html
60,https://www.urdupoint.com/kids/detail/moral-stories/mehnati-larka-2856.html
61,https://www.urdupoint.com/kids/detail/moral-stories/barwaqt-2855.html
62,https://www.urdupoint.com/kids/detail/moral-stories/bagh-ki-sair-2854.html
63,https://www.urdupoint.com/kids/detail/moral-stories/umeed-ka-chand-2853.html
64,https://www.urdupoint.com/kids/detail/moral-stories/mushahida-aur-kahani-2852.html
65,https://www.urdupoint.com/kids/detail/moral-stories/jadui-chari-2850.html
66,https://www.urdupoint.com/kids/detail/moral-stories/ehsaas-2849.html
67,https://www.urdupoint.com/kids/detail/moral-stories/mehnat-ka-sila-2848.html
68,https://www.urdupoint.com/kids/detail/moral-stories/chamki-wale-khilone-2846.html
69,https://www.urdupoint.com/kids/detail/moral-stories/importance-of-plants-2844.html
70,https://www.urdupoint.com/kids/detail/moral-stories/konpal-ki-kahani-2843.html
71,https://www.urdupoint.com/kids/detail/moral-stories/kam-zarf-2842.html
72,https://www.urdupoint.com/kids/detail/moral-stories/nafarmani-ki-saza-2841.html
73,https://www.urdupoint.com/kids/detail/moral-stories/qazi-ka-insaaf-2839.html
74,https://www.urdupoint.com/kids/detail/moral-stories/pur-asrar-ghaar-2838.html
75,https://www.urdupoint.com/kids/detail/moral-stories/kaanton-ke-darmiyan-2837.html
76,https://www.urdupoint.com/kids/detail/moral-stories/anokhi-duniya-2836.html
77,https://www.urdupoint.com/kids/detail/moral-stories/shamat-e-jinn-2835.html
78,https://www.urdupoint.com/kids/detail/moral-stories/main-pakistani-fauji-hoon-2834.html
79,https://www.urdupoint.com/kids/detail/moral-stories/garmi-ka-sabab-2832.html
80,https://www.urdupoint.com/kids/detail/moral-stories/naiki-ka-badla-2831.html
81,https://www.urdupoint.com/kids/detail/moral-stories/naiki-ki-talash-2830.html
82,https://www.urdupoint.com/kids/detail/moral-stories/kallu-halwai-2828.html
83,https://www.urdupoint.com/kids/detail/moral-stories/sukoonistan-2827.html
84,https://www.urdupoint.com/kids/detail/moral-stories/choti-si-makri-bari-si-baat-2826.html
85,https://www.urdupoint.com/kids/detail/moral-stories/7-rang-ka-phool-2825.html
86,https://www.urdupoint.com/kids/detail/moral-stories/100-bori-gandum-2824.html
87,https://www.urdupoint.com/kids/detail/moral-stories/imtihaan-2823.html
88,https://www.urdupoint.com/kids/detail/moral-stories/waseela-2819.html
89,https://www.urdupoint.com/kids/detail/moral-stories/daar-cheeni-ke-aansoo-2818.html
90,https://www.urdupoint.com/kids/detail/moral-stories/ants-ek-dusre-ko-kaise-pehchanti-hain-2817.html
91,https://www.urdupoint.com/kids/detail/moral-stories/bezuban-mohsin-2816.html
92,https://www.urdupoint.com/kids/detail/moral-stories/bolta-jungle-2815.html
93,https://www.urdupoint.com/kids/detail/moral-stories/tarbiyat-2814.html
94,https://www.urdupoint.com/kids/detail/moral-stories/kaisi-rahi-2813.html
95,https://www.urdupoint.com/kids/detail/moral-stories/makkar-jadugarni-2812.html
96,https://www.urdupoint.com/kids/detail/moral-stories/khargosh-pappu-ka-wada-2810.html
97,https://www.urdupoint.com/kids/detail/moral-stories/chalak-lomri-2809.html
98,https://www.urdupoint.com/kids/detail/moral-stories/khud-garzi-2807.html
99,https://www.urdupoint.com/kids/detail/moral-stories/chamgadar-ki-chalaki-2806.html
100,https://www.urdupoint.com/kids/detail/moral-stories/choron-ka-anjaam-2805.html
101,https://www.urdupoint.com/kids/detail/moral-stories/mehman-nawazi-2804.html
102,https://www.urdupoint.com/kids/detail/moral-stories/badguman-2803.html
103,https://www.urdupoint.com/kids/detail/moral-stories/shukar-guzari-2802.html
104,https://www.urdupoint.com/kids/detail/moral-stories/zainab-ne-kheer-pakai-2801.html
105,https://www.urdupoint.com/kids/detail/moral-stories/dana-badshah-2799.html
106,https://www.urdupoint.com/kids/detail/moral-stories/bargad-building-2798.html
107,https://www.urdupoint.com/kids/detail/moral-stories/naik-dil-badshah-2797.html
108,https://www.urdupoint.com/kids/detail/moral-stories/badnaam-bura-2795.html
109,https://www.urdupoint.com/kids/detail/moral-stories/chacha-sadar-din-2794.html
110,https://www.urdupoint.com/kids/detail/moral-stories/mera-mission-2793.html
111,https://www.urdupoint.com/kids/detail/moral-stories/barish-ka-nanha-qatra-2792.html
112,https://www.urdupoint.com/kids/detail/moral-stories/khwab-ki-tabeer-2791.html
113,https://www.urdupoint.com/kids/detail/moral-stories/qaid-ki-aziyat-2790.html
114,https://www.urdupoint.com/kids/detail/moral-stories/sachi-dosti-2788.html
115,https://www.urdupoint.com/kids/detail/moral-stories/shukriya-madam-2787.html
116,https://www.urdupoint.com/kids/detail/moral-stories/gulfam-aur-moon-pari-2786.html
117,https://www.urdupoint.com/kids/detail/moral-stories/anaya-ne-chai-banai-2785.html
118,https://www.urdupoint.com/kids/detail/moral-stories/anokha-jungle-2784.html
119,https://www.urdupoint.com/kids/detail/moral-stories/aur-maafi-mil-gai-2783.html
120,https://www.urdupoint.com/kids/detail/moral-stories/azadi-hai-aik-naimat-2782.html
121,https://www.urdupoint.com/kids/detail/moral-stories/choti-saza-2781.html
122,https://www.urdupoint.com/kids/detail/moral-stories/badshah-shahzada-aur-shararti-bheerain-2780.html
123,https://www.urdupoint.com/kids/detail/moral-stories/kauwe-aur-khargosh-ki-dosti-2779.html
124,https://www.urdupoint.com/kids/detail/moral-stories/bahadur-chapalu-aur-aam-ka-darakht-2778.html
125,https://www.urdupoint.com/kids/detail/moral-stories/qismat-sabar-aur-zahanat-ki-kahani-2777.html
126,https://www.urdupoint.com/kids/detail/moral-stories/jadui-sikka-2776.html
127,https://www.urdupoint.com/kids/detail/moral-stories/naya-phone-purani-yaadein-2775.html
128,https://www.urdupoint.com/kids/detail/moral-stories/beqasoor-2774.html
129,https://www.urdupoint.com/kids/detail/moral-stories/hathi-mera-sathi-2773.html
130,https://www.urdupoint.com/kids/detail/moral-stories/gaaye-aur-bakri-2772.html
131,https://www.urdupoint.com/kids/detail/moral-stories/hazir-dimagh-bahadur-2771.html
132,https://www.urdupoint.com/kids/detail/moral-stories/titli-se-dosti-2770.html
133,https://www.urdupoint.com/kids/detail/moral-stories/nadani-ka-anjam-2769.html
134,https://www.urdupoint.com/kids/detail/moral-stories/naseehat-par-tawajah-do-2768.html
135,https://www.urdupoint.com/kids/detail/moral-stories/do-jasoos-2767.html
136,https://www.urdupoint.com/kids/detail/moral-stories/parinday-ka-tohfa-2766.html
137,https://www.urdupoint.com/kids/detail/moral-stories/rangat-2765.html
138,https://www.urdupoint.com/kids/detail/moral-stories/asal-daulat-2764.html
139,https://www.urdupoint.com/kids/detail/moral-stories/4-ajeeb-behnain-2763.html
140,https://www.urdupoint.com/kids/detail/moral-stories/circus-ka-ghora-2761.html
141,https://www.urdupoint.com/kids/detail/moral-stories/cheetah-lomri-aur-kisaan-2760.html
142,https://www.urdupoint.com/kids/detail/moral-stories/andha-sanp-aur-daku-2757.html
143,https://www.urdupoint.com/kids/detail/moral-stories/shehad-ki-makhi-ka-chatta-2756.html
144,https://www.urdupoint.com/kids/detail/moral-stories/dada-ka-khilona-2754.html
145,https://www.urdupoint.com/kids/detail/moral-stories/aik-din-ka-ustad-2753.html
146,https://www.urdupoint.com/kids/detail/moral-stories/main-akela-nahi-hun-2752.html
147,https://www.urdupoint.com/kids/detail/moral-stories/purana-sikka-2751.html
148,https://www.urdupoint.com/kids/detail/moral-stories/aqalmand-bandar-2750.html
149,https://www.urdupoint.com/kids/detail/moral-stories/wada-2749.html
150,https://www.urdupoint.com/kids/detail/moral-stories/rasm-o-riwayat-2747.html
151,https://www.urdupoint.com/kids/detail/moral-stories/main-buzdil-nahi-2746.html
152,https://www.urdupoint.com/kids/detail/moral-stories/chote-bache-bara-faisla-2745.html
153,https://www.urdupoint.com/kids/detail/moral-stories/mutawazan-ghiza-zaroori-hai-2742.html
154,https://www.urdupoint.com/kids/detail/moral-stories/aik-thi-budhiya-2741.html
155,https://www.urdupoint.com/kids/detail/moral-stories/maa-ki-dua-2740.html
156,https://www.urdupoint.com/kids/detail/moral-stories/shararti-kauwa-aur-reham-dil-chidiya-2738.html
157,https://www.urdupoint.com/kids/detail/moral-stories/sabar-ka-inaam-2737.html
158,https://www.urdupoint.com/kids/detail/moral-stories/allah-sab-ka-raziq-2734.html
159,https://www.urdupoint.com/kids/detail/moral-stories/rang-birangi-titliyan-2733.html
160,https://www.urdupoint.com/kids/detail/moral-stories/thomas-aur-comier-2732.html
161,https://www.urdupoint.com/kids/detail/moral-stories/aik-thi-merlin-2731.html
162,https://www.urdupoint.com/kids/detail/moral-stories/saat-pariyaan-saat-saheliyan-2729.html
163,https://www.urdupoint.com/kids/detail/moral-stories/dosti-ho-to-aisi-aakhri-hissa-2728.html
164,https://www.urdupoint.com/kids/detail/moral-stories/dosti-ho-to-aisi-pehla-hissa-2727.html
165,https://www.urdupoint.com/kids/detail/moral-stories/shareer-bhalu-2726.html
166,https://www.urdupoint.com/kids/detail/moral-stories/chand-pari-2725.html
167,https://www.urdupoint.com/kids/detail/moral-stories/ache-bache-nahi-larte-2724.html
168,https://www.urdupoint.com/kids/detail/moral-stories/madad-karna-sikho-2722.html
169,https://www.urdupoint.com/kids/detail/moral-stories/billiyon-ka-ghar-2720.html
170,https://www.urdupoint.com/kids/detail/moral-stories/anokha-khat-2719.html
171,https://www.urdupoint.com/kids/detail/moral-stories/asli-aur-nasli-ki-pehchan-2718.html
172,https://www.urdupoint.com/kids/detail/moral-stories/dost-woh-jo-musibat-mein-kaam-aaye-2717.html
173,https://www.urdupoint.com/kids/detail/moral-stories/maula-bakhsh-2716.html
174,https://www.urdupoint.com/kids/detail/moral-stories/khana-puri-2715.html
175,https://www.urdupoint.com/kids/detail/moral-stories/chor-kon-2714.html
176,https://www.urdupoint.com/kids/detail/moral-stories/gharoor-ki-saza-2713.html
177,https://www.urdupoint.com/kids/detail/moral-stories/chota-phool-2712.html
178,https://www.urdupoint.com/kids/detail/moral-stories/munnu-ki-bahaduri-2711.html
179,https://www.urdupoint.com/kids/detail/moral-stories/doobte-ko-tinke-ka-sahara-2710.html
180,https://www.urdupoint.com/kids/detail/moral-stories/saza-ka-badla-2709.html
181,https://www.urdupoint.com/kids/detail/moral-stories/sham-ka-bhola-2708.html
182,https://www.urdupoint.com/kids/detail/moral-stories/tehzeeb-ki-pehchan-2707.html
183,https://www.urdupoint.com/kids/detail/moral-stories/lalach-ki-saza-2706.html
184,https://www.urdupoint.com/kids/detail/moral-stories/aik-aur-mouqa-2704.html
185,https://www.urdupoint.com/kids/detail/moral-stories/tadabeer-rahat-e-afza-2702.html
186,https://www.urdupoint.com/kids/detail/moral-stories/jaan-ba-lab-hona-jaan-mein-jaan-aana-2701.html
187,https://www.urdupoint.com/kids/detail/moral-stories/azadi-2700.html
188,https://www.urdupoint.com/kids/detail/moral-stories/sudais-ka-bagh-2699.html
189,https://www.urdupoint.com/kids/detail/moral-stories/lomri-aur-cheel-ki-dosti-2698.html
190,https://www.urdupoint.com/kids/detail/moral-stories/shaam-se-pehle-2697.html
191,https://www.urdupoint.com/kids/detail/moral-stories/zimedar-tinkoo-2696.html
192,https://www.urdupoint.com/kids/detail/moral-stories/chamkila-khatra-2695.html
193,https://www.urdupoint.com/kids/detail/moral-stories/jald-bazi-ka-anjam-2694.html
194,https://www.urdupoint.com/kids/detail/moral-stories/kifayat-shiari-2691.html
195,https://www.urdupoint.com/kids/detail/moral-stories/apna-kaam-khud-karo-2688.html
196,https://www.urdupoint.com/kids/detail/moral-stories/teen-moti-2687.html
197,https://www.urdupoint.com/kids/detail/moral-stories/khwahish-e-parwaz-2686.html
198,https://www.urdupoint.com/kids/detail/moral-stories/insan-ki-umar-2685.html
199,https://www.urdupoint.com/kids/detail/moral-stories/niyyat-bakhair-2684.html
200,https://www.urdupoint.com/kids/detail/moral-stories/rehaai-2683.html
201,https://www.urdupoint.com/kids/detail/moral-stories/phoolon-wala-rasta-2682.html
202,https://www.urdupoint.com/kids/detail/moral-stories/nafarman-2681.html
203,https://www.urdupoint.com/kids/detail/moral-stories/aqalmand-lakarhara-2680.html
204,https://www.urdupoint.com/kids/detail/moral-stories/meri-parwaz-2679.html
205,https://www.urdupoint.com/kids/detail/moral-stories/mazdoor-par-zulm-2678.html
206,https://www.urdupoint.com/kids/detail/moral-stories/aitmaad-2677.html
207,https://www.urdupoint.com/kids/detail/moral-stories/sheep-and-wolves-2676.html
208,https://www.urdupoint.com/kids/detail/moral-stories/majboor-mujrim-2675.html
209,https://www.urdupoint.com/kids/detail/moral-stories/purisrar-larka-2674.html
210,https://www.urdupoint.com/kids/detail/moral-stories/halal-rizq-aik-ibadat-2673.html
211,https://www.urdupoint.com/kids/detail/moral-stories/mannu-ko-mili-jhoot-ki-saza-2672.html
212,https://www.urdupoint.com/kids/detail/moral-stories/waqt-ki-ahmiyat-2671.html
213,https://www.urdupoint.com/kids/detail/moral-stories/tote-ki-baat-2670.html
214,https://www.urdupoint.com/kids/detail/moral-stories/dost-woh-jo-musibat-mein-kaam-aaye-2669.html
215,https://www.urdupoint.com/kids/detail/moral-stories/uqaab-aur-makri-2668.html
216,https://www.urdupoint.com/kids/detail/moral-stories/khuddar-larki-2666.html
217,https://www.urdupoint.com/kids/detail/moral-stories/khufiya-button-2665.html
218,https://www.urdupoint.com/kids/detail/moral-stories/ehsaas-2664.html
219,https://www.urdupoint.com/kids/detail/moral-stories/kaanton-ka-jawab-2663.html
220,https://www.urdupoint.com/kids/detail/moral-stories/roti-aur-falsafi-2662.html
221,https://www.urdupoint.com/kids/detail/moral-stories/3-bahadur-2661.html
222,https://www.urdupoint.com/kids/detail/moral-stories/kaya-palat-2660.html
223,https://www.urdupoint.com/kids/detail/moral-stories/chaman-khala-2659.html
224,https://www.urdupoint.com/kids/detail/moral-stories/motiyon-ka-haar-2658.html
225,https://www.urdupoint.com/kids/detail/moral-stories/bunty-kahan-kho-gaya-2657.html
226,https://www.urdupoint.com/kids/detail/moral-stories/jheel-pe-aaya-hathi-2656.html
227,https://www.urdupoint.com/kids/detail/moral-stories/bol-meri-machli-aakhri-hissa-2655.html
228,https://www.urdupoint.com/kids/detail/moral-stories/bol-meri-machli-pehla-hissa-2654.html
229,https://www.urdupoint.com/kids/detail/moral-stories/waqt-ka-jawab-2653.html
230,https://www.urdupoint.com/kids/detail/moral-stories/gogo-khargosh-2652.html
231,https://www.urdupoint.com/kids/detail/moral-stories/aqalmand-chuhiya-2650.html
232,https://www.urdupoint.com/kids/detail/moral-stories/haqeeqi-mujrim-2649.html
233,https://www.urdupoint.com/kids/detail/moral-stories/lalchi-makhi-2648.html
234,https://www.urdupoint.com/kids/detail/moral-stories/qeemti-naseehat-2647.html
235,https://www.urdupoint.com/kids/detail/moral-stories/naseehat-bani-nijaat-2646.html
236,https://www.urdupoint.com/kids/detail/moral-stories/khubsurat-rishta-2644.html
237,https://www.urdupoint.com/kids/detail/moral-stories/ramzan-aur-bache-2643.html
238,https://www.urdupoint.com/kids/detail/moral-stories/hamid-mian-aur-rang-birange-phool-2642.html
239,https://www.urdupoint.com/kids/detail/moral-stories/zindagi-ka-anmol-sabaq-2641.html
240,https://www.urdupoint.com/kids/detail/moral-stories/sabar-ka-mahina-2640.html
241,https://www.urdupoint.com/kids/detail/moral-stories/badshah-aur-saat-shehzadiyan-2639.html
242,https://www.urdupoint.com/kids/detail/moral-stories/qurbani-ka-badla-2638.html
243,https://www.urdupoint.com/kids/detail/moral-stories/adlay-ka-badla-2637.html
244,https://www.urdupoint.com/kids/detail/moral-stories/tilismi-kitab-2636.html
245,https://www.urdupoint.com/kids/detail/moral-stories/chin-ki-chidiya-2635.html
246,https://www.urdupoint.com/kids/detail/moral-stories/billi-ka-inteqam-2634.html
247,https://www.urdupoint.com/kids/detail/moral-stories/aik-ghalti-2633.html
248,https://www.urdupoint.com/kids/detail/moral-stories/pahuncha-hua-baba-2632.html
249,https://www.urdupoint.com/kids/detail/moral-stories/ammi-kehti-hai-2631.html
250,https://www.urdupoint.com/kids/detail/moral-stories/aik-chirya-ki-kahani-2630.html
251,https://www.urdupoint.com/kids/detail/moral-stories/zara-si-bhool-2629.html
252,https://www.urdupoint.com/kids/detail/moral-stories/behtareen-sauda-2628.html
253,https://www.urdupoint.com/kids/detail/moral-stories/rahe-naam-allah-ka-2627.html
254,https://www.urdupoint.com/kids/detail/moral-stories/azadi-sab-ka-haq-2626.html
255,https://www.urdupoint.com/kids/detail/moral-stories/jalta-koyla-2625.html
256,https://www.urdupoint.com/kids/detail/moral-stories/shikari-aur-khargosh-2624.html
257,https://www.urdupoint.com/kids/detail/moral-stories/insan-aur-machine-2623.html
258,https://www.urdupoint.com/kids/detail/moral-stories/kabootar-beeti-2622.html
259,https://www.urdupoint.com/kids/detail/moral-stories/doctor-lumar-ka-eesaar-2621.html
260,https://www.urdupoint.com/kids/detail/moral-stories/qaum-ki-pehchan-2620.html
261,https://www.urdupoint.com/kids/detail/moral-stories/apne-jaal-mein-2619.html
262,https://www.urdupoint.com/kids/detail/moral-stories/burai-ka-badla-2618.html
263,https://www.urdupoint.com/kids/detail/moral-stories/bhula-hua-wada-2617.html
264,https://www.urdupoint.com/kids/detail/moral-stories/ek-niwala-2616.html
265,https://www.urdupoint.com/kids/detail/moral-stories/khaki-lifafa-2615.html
266,https://www.urdupoint.com/kids/detail/moral-stories/qura-andazi-2614.html
267,https://www.urdupoint.com/kids/detail/moral-stories/meri-pyari-dadi-jaan-2613.html
268,https://www.urdupoint.com/kids/detail/moral-stories/sarmaya-2612.html
269,https://www.urdupoint.com/kids/detail/moral-stories/badshah-aur-aadmi-2611.html
270,https://www.urdupoint.com/kids/detail/moral-stories/mama-murghi-aur-batakh-bacha-2610.html
271,https://www.urdupoint.com/kids/detail/moral-stories/yeh-shaadi-nahi-ho-sakti-2608.html
272,https://www.urdupoint.com/kids/detail/true-stories/buland-soch-2607.html
273,https://www.urdupoint.com/kids/detail/moral-stories/kahani-khwab-e-khargosh-ki-2606.html
274,https://www.urdupoint.com/kids/detail/moral-stories/lalchi-bandar-2605.html
275,https://www.urdupoint.com/kids/detail/moral-stories/sachi-khushi-2604.html
276,https://www.urdupoint.com/kids/detail/moral-stories/apne-paon-par-2603.html
277,https://www.urdupoint.com/kids/detail/moral-stories/2-makhiyan-2602.html
278,https://www.urdupoint.com/kids/detail/moral-stories/naraaz-jigar-2601.html
279,https://www.urdupoint.com/kids/detail/moral-stories/sabar-ka-inaam-2600.html
280,https://www.urdupoint.com/kids/detail/moral-stories/sitara-pari-2599.html
281,https://www.urdupoint.com/kids/detail/moral-stories/agar-aisa-ho-jaye-2598.html
282,https://www.urdupoint.com/kids/detail/moral-stories/baisakhi-2597.html
283,https://www.urdupoint.com/kids/detail/moral-stories/hum-ullu-hain-2595.html
284,https://www.urdupoint.com/kids/detail/moral-stories/ghalat-fehmi-2594.html
285,https://www.urdupoint.com/kids/detail/moral-stories/ehsaanmand-2593.html
286,https://www.urdupoint.com/kids/detail/moral-stories/chidiya-ki-nasihat-2592.html
287,https://www.urdupoint.com/kids/detail/moral-stories/bandar-aur-sherni-ki-dosti-2591.html
288,https://www.urdupoint.com/kids/detail/moral-stories/choha-aur-maindak-2590.html
289,https://www.urdupoint.com/kids/detail/moral-stories/pyara-ghar-2589.html
290,https://www.urdupoint.com/kids/detail/moral-stories/zainab-ki-salgirah-2588.html
291,https://www.urdupoint.com/kids/detail/moral-stories/gumshuda-tota-2578.html
292,https://www.urdupoint.com/kids/detail/moral-stories/chashm-e-ibrat-2577.html
293,https://www.urdupoint.com/kids/detail/moral-stories/jungle-mein-mangal-2575.html
294,https://www.urdupoint.com/kids/detail/moral-stories/kisan-aur-badshah-2574.html
295,https://www.urdupoint.com/kids/detail/moral-stories/burhiya-ka-haar-2573.html
296,https://www.urdupoint.com/kids/detail/moral-stories/kehna-baron-ka-mano-2572.html
297,https://www.urdupoint.com/kids/detail/moral-stories/jungle-mein-selab-aaya-2571.html
298,https://www.urdupoint.com/kids/detail/moral-stories/hassan-ka-bakra-2570.html
299,https://www.urdupoint.com/kids/detail/moral-stories/pehli-chori-2568.html
300,https://www.urdupoint.com/kids/detail/moral-stories/azadi-ki-kahani-dada-jaan-ki-zubani-pehla-hissa-2567.html
301,https://www.urdupoint.com/kids/detail/moral-stories/shabnam-ka-qalam-2565.html
302,https://www.urdupoint.com/kids/detail/moral-stories/zainab-aur-mano-2564.html
303,https://www.urdupoint.com/kids/detail/moral-stories/beshak-allah-sab-ki-sunte-hain-2563.html
304,https://www.urdupoint.com/kids/detail/moral-stories/shujaat-allah-ka-inaam-hai-aakhri-hissa-2562.html
305,https://www.urdupoint.com/kids/detail/moral-stories/shujaat-allah-ka-inaam-hai-pehla-hissa-2561.html
306,https://www.urdupoint.com/kids/detail/moral-stories/aik-purani-kahani-2560.html
307,https://www.urdupoint.com/kids/detail/moral-stories/jazba-aakhri-hissa-2559.html
308,https://www.urdupoint.com/kids/detail/moral-stories/ali-ki-cycle-2558.html
309,https://www.urdupoint.com/kids/detail/moral-stories/almari-ka-bhoot-2556.html
310,https://www.urdupoint.com/kids/detail/moral-stories/dosti-2554.html
311,https://www.urdupoint.com/kids/detail/moral-stories/jazba-hissa-chaharum-2553.html
312,https://www.urdupoint.com/kids/detail/moral-stories/ilm-tumhari-talwar-aur-kitab-tumhari-dhaal-2551.html
313,https://www.urdupoint.com/kids/detail/moral-stories/aur-dunbe-ne-maaf-kar-diya-2550.html
314,https://www.urdupoint.com/kids/detail/moral-stories/jazba-teesra-hissa-2549.html
315,https://www.urdupoint.com/kids/detail/moral-stories/khidmat-e-khalq-2548.html
316,https://www.urdupoint.com/kids/detail/moral-stories/mali-sifarish-2547.html
317,https://www.urdupoint.com/kids/detail/moral-stories/meethe-bol-2546.html
318,https://www.urdupoint.com/kids/detail/moral-stories/hain-log-wohi-jahan-mein-ache-2545.html
319,https://www.urdupoint.com/kids/detail/moral-stories/jazba-dosra-hissa-2544.html
320,https://www.urdupoint.com/kids/detail/moral-stories/shanakht-2543.html
321,https://www.urdupoint.com/kids/detail/moral-stories/jazba-pehla-hissa-2542.html
322,https://www.urdupoint.com/kids/detail/moral-stories/taqatwar-kon-2540.html
323,https://www.urdupoint.com/kids/detail/moral-stories/maa-ki-mamta-2539.html
324,https://www.urdupoint.com/kids/detail/moral-stories/nadan-chira-2538.html
325,https://www.urdupoint.com/kids/detail/moral-stories/pakki-dosti-2537.html
326,https://www.urdupoint.com/kids/detail/moral-stories/batakh-aur-tota-2536.html
327,https://www.urdupoint.com/kids/detail/moral-stories/timmy-aur-zoomi-2535.html
328,https://www.urdupoint.com/kids/detail/moral-stories/khuloos-ke-bartan-2534.html
329,https://www.urdupoint.com/kids/detail/moral-stories/aur-woh-tumhare-sath-hai-2533.html
330,https://www.urdupoint.com/kids/detail/moral-stories/ache-baba-2532.html
331,https://www.urdupoint.com/kids/detail/moral-stories/batakh-aur-kawa-2530.html
332,https://www.urdupoint.com/kids/detail/moral-stories/ehsaas-2529.html
333,https://www.urdupoint.com/kids/detail/moral-stories/nikamma-bandar-2528.html
334,https://www.urdupoint.com/kids/detail/moral-stories/camera-2527.html
335,https://www.urdupoint.com/kids/detail/moral-stories/anokhi-tarkeeb-2526.html
336,https://www.urdupoint.com/kids/detail/moral-stories/tota-aur-fakhta-2524.html
337,https://www.urdupoint.com/kids/detail/moral-stories/jheel-ki-sair-2523.html
338,https://www.urdupoint.com/kids/detail/moral-stories/bi-lomri-sudhar-gayin-2522.html
339,https://www.urdupoint.com/kids/detail/moral-stories/ghuroor-ka-anjam-2521.html
340,https://www.urdupoint.com/kids/detail/moral-stories/maghroor-tota-2520.html
341,https://www.urdupoint.com/kids/detail/moral-stories/khala-naseehat-2519.html
342,https://www.urdupoint.com/kids/detail/moral-stories/sachi-khushi-2518.html
343,https://www.urdupoint.com/kids/detail/moral-stories/jab-tak-saans-tab-tak-aas-2516.html
344,https://www.urdupoint.com/kids/detail/moral-stories/zid-nahi-karna-2515.html
345,https://www.urdupoint.com/kids/detail/moral-stories/zainab-ko-mil-gayi-mano-billi-2514.html
346,https://www.urdupoint.com/kids/detail/moral-stories/mehnat-mein-azmat-hai-2513.html
347,https://www.urdupoint.com/kids/detail/moral-stories/nili-chidiya-aur-billi-2512.html
348,https://www.urdupoint.com/kids/detail/moral-stories/naiki-ka-sila-2511.html
349,https://www.urdupoint.com/kids/detail/moral-stories/bharosa-2510.html
350,https://www.urdupoint.com/kids/detail/moral-stories/bad-fitrat-se-dosti-2509.html
351,https://www.urdupoint.com/kids/detail/moral-stories/rehamdil-larki-2508.html
352,https://www.urdupoint.com/kids/detail/moral-stories/kahil-bhalu-aur-shehad-ki-makhiyan-2507.html
353,https://www.urdupoint.com/kids/detail/moral-stories/bardasht-karna-hi-zindagi-hai-2506.html
354,https://www.urdupoint.com/kids/detail/moral-stories/sone-ki-entain-2505.html
355,https://www.urdupoint.com/kids/detail/moral-stories/eid-mubarak-2504.html
356,https://www.urdupoint.com/kids/detail/moral-stories/naik-anjaam-2503.html
357,https://www.urdupoint.com/kids/detail/moral-stories/eid-card-2502.html
358,https://www.urdupoint.com/kids/detail/moral-stories/iftar-party-ho-to-aisi-2501.html
359,https://www.urdupoint.com/kids/detail/moral-stories/chalak-lomri-2500.html
360,https://www.urdupoint.com/kids/detail/moral-stories/budha-aadmi-aur-sher-2499.html
361,https://www.urdupoint.com/kids/detail/moral-stories/bojh-utar-gaya-2498.html
362,https://www.urdupoint.com/kids/detail/moral-stories/makra-aur-makhi-2497.html
363,https://www.urdupoint.com/kids/detail/moral-stories/seedha-rasta-2496.html
364,https://www.urdupoint.com/kids/detail/moral-stories/lalach-buri-bala-hai-2495.html
365,https://www.urdupoint.com/kids/detail/moral-stories/nanhi-shark-2494.html
366,https://www.urdupoint.com/kids/detail/moral-stories/main-pakistan-hoon-2493.html
367,https://www.urdupoint.com/kids/detail/moral-stories/mah-e-ramzan-mubarak-2491.html
368,https://www.urdupoint.com/kids/detail/moral-stories/moto-hathi-aur-nanha-choha-pehla-hissa-2490.html
369,https://www.urdupoint.com/kids/detail/moral-stories/udhaar-ki-chocolate-2489.html
370,https://www.urdupoint.com/kids/detail/moral-stories/guriya-ki-shaadi-2488.html
371,https://www.urdupoint.com/kids/detail/moral-stories/iftar-ki-masrofiyat-2487.html
372,https://www.urdupoint.com/kids/detail/moral-stories/lakarhara-bana-badshah-aakhri-hissa-2486.html
373,https://www.urdupoint.com/kids/detail/moral-stories/kutta-aur-aaine-2484.html
374,https://www.urdupoint.com/kids/detail/moral-stories/lakarhara-bana-badshah-pehla-hissa-2483.html
375,https://www.urdupoint.com/kids/detail/moral-stories/zainab-aur-australian-tota-2482.html
376,https://www.urdupoint.com/kids/detail/moral-stories/billi-ke-gale-mein-ghanti-2481.html
377,https://www.urdupoint.com/kids/detail/moral-stories/machere-ki-nasihat-2479.html
378,https://www.urdupoint.com/kids/detail/moral-stories/hamesha-sachai-par-qaim-raho-2478.html
379,https://www.urdupoint.com/kids/detail/moral-stories/qanaat-pasandi-2477.html
380,https://www.urdupoint.com/kids/detail/moral-stories/chor-ki-saza-2476.html
381,https://www.urdupoint.com/kids/detail/moral-stories/khauf-ka-bhoot-2475.html
382,https://www.urdupoint.com/kids/detail/moral-stories/bahaduri-ka-karnama-2474.html
383,https://www.urdupoint.com/kids/detail/moral-stories/dosti-aisa-nata-2473.html
384,https://www.urdupoint.com/kids/detail/moral-stories/jungle-kahani-aakhri-hissa-2472.html
385,https://www.urdupoint.com/kids/detail/moral-stories/jungle-kahani-dosra-hissa-2471.html
386,https://www.urdupoint.com/kids/detail/moral-stories/sher-ki-saza-2469.html
387,https://www.urdupoint.com/kids/detail/moral-stories/amal-2468.html
388,https://www.urdupoint.com/kids/detail/moral-stories/jo-hua-acha-hua-2467.html
389,https://www.urdupoint.com/kids/detail/moral-stories/shabnam-ka-taj-2466.html
390,https://www.urdupoint.com/kids/detail/moral-stories/barah-mahine-2465.html
391,https://www.urdupoint.com/kids/detail/moral-stories/jungle-kahani-pehla-hissa-2464.html
392,https://www.urdupoint.com/kids/detail/moral-stories/naik-kaam-2463.html
393,https://www.urdupoint.com/kids/detail/moral-stories/buri-adat-2462.html
394,https://www.urdupoint.com/kids/detail/moral-stories/kala-chooza-2461.html
395,https://www.urdupoint.com/kids/detail/moral-stories/mushkil-faisla-2460.html
396,https://www.urdupoint.com/kids/detail/moral-stories/jalte-hue-note-2459.html
397,https://www.urdupoint.com/kids/detail/moral-stories/qudrat-ki-tanbeeh-2458.html
398,https://www.urdupoint.com/kids/detail/moral-stories/chand-ki-beti-2457.html
399,https://www.urdupoint.com/kids/detail/moral-stories/sunehri-machli-2456.html
400,https://www.urdupoint.com/kids/detail/moral-stories/shararti-reech-2455.html
401,https://www.urdupoint.com/kids/detail/moral-stories/kuch-lo-kuch-dou-2454.html
402,https://www.urdupoint.com/kids/detail/moral-stories/mera-jadui-ghar-2453.html
403,https://www.urdupoint.com/kids/detail/moral-stories/sachi-khushi-2452.html
404,https://www.urdupoint.com/kids/detail/moral-stories/aur-hadsa-ho-gaya-2451.html
405,https://www.urdupoint.com/kids/detail/moral-stories/subha-ka-bhola-akhri-hissa-2449.html
406,https://www.urdupoint.com/kids/detail/moral-stories/magarmach-ke-dant-2448.html
407,https://www.urdupoint.com/kids/detail/moral-stories/zalim-malka-2447.html
408,https://www.urdupoint.com/kids/detail/moral-stories/ittehad-na-hone-ka-nuqsan-2446.html
409,https://www.urdupoint.com/kids/detail/moral-stories/subha-ka-bhola-pehla-hissa-2445.html
410,https://www.urdupoint.com/kids/detail/moral-stories/kahani-aadhi-aadhi-2444.html
411,https://www.urdupoint.com/kids/detail/moral-stories/naiki-ka-sila-2443.html
412,https://www.urdupoint.com/kids/detail/moral-stories/khwahish-aur-qurbani-akhri-hissa-2442.html
413,https://www.urdupoint.com/kids/detail/moral-stories/khwahish-aur-qurbani-pehla-hissa-2441.html
414,https://www.urdupoint.com/kids/detail/moral-stories/maghroor-badshah-2440.html
415,https://www.urdupoint.com/kids/detail/moral-stories/dushman-ki-dosti-2439.html
416,https://www.urdupoint.com/kids/detail/moral-stories/khajur-ke-podhe-2438.html
417,https://www.urdupoint.com/kids/detail/moral-stories/aadhi-maut-2437.html
418,https://www.urdupoint.com/kids/detail/moral-stories/honehar-musawir-2436.html
419,https://www.urdupoint.com/kids/detail/moral-stories/buland-hosla-2435.html
420,https://www.urdupoint.com/kids/detail/moral-stories/nasihat-faramosh-2434.html
421,https://www.urdupoint.com/kids/detail/moral-stories/choti-si-naiki-2433.html
422,https://www.urdupoint.com/kids/detail/moral-stories/ajnabi-sardar-2432.html
423,https://www.urdupoint.com/kids/detail/moral-stories/azeem-maa-2431.html
424,https://www.urdupoint.com/kids/detail/moral-stories/qasam-se-2430.html
425,https://www.urdupoint.com/kids/detail/moral-stories/kala-gora-2429.html
426,https://www.urdupoint.com/kids/detail/moral-stories/maa-aakhri-hissa-2428.html
427,https://www.urdupoint.com/kids/detail/moral-stories/maa-pehla-hissa-2427.html
428,https://www.urdupoint.com/kids/detail/moral-stories/lootere-bakra-aur-musafir-2426.html
429,https://www.urdupoint.com/kids/detail/moral-stories/mehnat-raigan-nahi-jati-2425.html
430,https://www.urdupoint.com/kids/detail/moral-stories/yeh-mere-khilone-hain-2424.html
431,https://www.urdupoint.com/kids/detail/moral-stories/kutri-hui-kitab-2421.html
432,https://www.urdupoint.com/kids/detail/moral-stories/shukriya-dada-abbu-2420.html
433,https://www.urdupoint.com/kids/detail/moral-stories/talafi-2419.html
434,https://www.urdupoint.com/kids/detail/moral-stories/nani-dadi-aur-hum-2418.html
435,https://www.urdupoint.com/kids/detail/moral-stories/ehsaas-2417.html
436,https://www.urdupoint.com/kids/detail/moral-stories/pani-ka-faisla-aakhri-hissa-2416.html
437,https://www.urdupoint.com/kids/detail/moral-stories/dani-bana-khilari-2415.html
438,https://www.urdupoint.com/kids/detail/moral-stories/gulab-ki-shehzadi-2413.html
439,https://www.urdupoint.com/kids/detail/moral-stories/wada-2412.html
440,https://www.urdupoint.com/kids/detail/moral-stories/kaam-boriyat-se-bachata-hai-2411.html
441,https://www.urdupoint.com/kids/detail/moral-stories/bandaron-ki-tauba-2410.html
442,https://www.urdupoint.com/kids/detail/moral-stories/pani-ka-faisla-pehla-hissa-2409.html
443,https://www.urdupoint.com/kids/detail/moral-stories/naina-ki-tauba-aakhri-hissa-2408.html
444,https://www.urdupoint.com/kids/detail/moral-stories/naina-ki-tauba-pehla-hissa-2407.html
445,https://www.urdupoint.com/kids/detail/moral-stories/khazana-kis-ka-hai-2406.html
446,https://www.urdupoint.com/kids/detail/moral-stories/jugnu-ka-mithu-aakhri-hissa-2405.html
447,https://www.urdupoint.com/kids/detail/moral-stories/nanhi-pari-2404.html
448,https://www.urdupoint.com/kids/detail/moral-stories/abbu-ji-mujhe-cycle-le-do-2403.html
449,https://www.urdupoint.com/kids/detail/moral-stories/ghamgeen-bulbul-2402.html
450,https://www.urdupoint.com/kids/detail/moral-stories/jugnu-ka-mithu-teesra-hissa-2401.html
451,https://www.urdupoint.com/kids/detail/moral-stories/baya-ka-ghonsla-2400.html
452,https://www.urdupoint.com/kids/detail/moral-stories/dosra-saya-2399.html
453,https://www.urdupoint.com/kids/detail/moral-stories/gunah-barbaad-naiki-lazam-2398.html
454,https://www.urdupoint.com/kids/detail/moral-stories/bara-kaam-2396.html
455,https://www.urdupoint.com/kids/detail/moral-stories/hamari-pahchan-2395.html
456,https://www.urdupoint.com/kids/detail/moral-stories/bandar-aur-fouji-2394.html
457,https://www.urdupoint.com/kids/detail/moral-stories/dosti-ho-gayi-2393.html
458,https://www.urdupoint.com/kids/detail/moral-stories/pehchan-2392.html
459,https://www.urdupoint.com/kids/detail/moral-stories/choha-landora-hi-bhala-2391.html
460,https://www.urdupoint.com/kids/detail/moral-stories/bandar-mian-2389.html
461,https://www.urdupoint.com/kids/detail/moral-stories/jugnu-ka-mithu-dosra-hissa-2388.html
462,https://www.urdupoint.com/kids/detail/moral-stories/ehsaas-dosra-hissa-2387.html
463,https://www.urdupoint.com/kids/detail/moral-stories/sabar-ka-phal-2386.html
464,https://www.urdupoint.com/kids/detail/moral-stories/mehnat-hi-sifarish-hai-2385.html
465,https://www.urdupoint.com/kids/detail/moral-stories/jugnu-ka-mithu-pehla-hissa-2384.html
466,https://www.urdupoint.com/kids/detail/moral-stories/ehsaas-pehla-hissa-2383.html
467,https://www.urdupoint.com/kids/detail/moral-stories/adat-ya-fitrat-akhri-hissa-2382.html
468,https://www.urdupoint.com/kids/detail/moral-stories/adat-ya-fitrat-pehla-hissa-2381.html
469,https://www.urdupoint.com/kids/detail/moral-stories/apni-madad-aap-2380.html
470,https://www.urdupoint.com/kids/detail/moral-stories/kittu-ki-qurbani-2379.html
